value,labl,lga
101,101. ABA NORTH,Aba North
102,102. ABA SOUTH,Aba South
103,103. AROCHUKWU,Arochukwu
104,104. BENDE,Bende
105,105. IKWUANO,Ikwuano
106,106. ISIALANGWA NORTH,Isialangwa North
107,107. ISIALANGWA SOUTH,Isialangwa South
108,108. ISIUKWUATO,Isiukwuato
109,109. OBINGWA,Obingwa
110,110. OHAFIA,Ohafia
111,111. OSISIOMA,Osisioma
112,112. UGWUNAGBO,Ugwunagbo
113,113. UKWA EAST,Ukwa East
114,114. UKWA WEST,Ukwa West
115,115. UMUAHIA NORTH,Umuahia North
116,116. UMUAHIA SOUTH,Umuahia South
117,117. UMUNNEOCHI,Umunneochi
201,201. DEMSA,Demsa
202,202. FUFORE,Fufore
203,203. GANYE,Ganye
204,204. GIREI,Girei
205,205. GOMBI,Gombi
206,206. GUYUK,Guyuk
207,207. HONG,Hong
208,208. JADA,Jada
209,209. LARMURDE,Larmurde
210,210. MADAGALI,Madagali
211,211. MAIHA,Maiha
212,212. MAYO BELWA,Mayo Belwa
213,213. MICHIKA,Michika
214,214. MUBI NORTH,Mubi North
215,215. MUBI SOUTH,Mubi South
216,216. NUMAN,Numan
217,217. SHELLENG,Shelleng
218,218. SONG,Song
219,219. TOUNGO,Toungo
220,220. YOLA NORTH,Yola North
221,221. YOLA SOUTH,Yola South
301,301. ABAK,Abak
302,302. EASTERN OBOLO,Eastern Obolo
303,303. EKET,Eket
304,304. ESIT EKET,Esit Eket
305,305. ESSIEN UDIM,Essien Udim
306,306. ETIM EKPO,Etim Ekpo
307,307. ETINAN,Etinan
308,308. IBONO,Ibono
309,309. IBESIKPO ASUTAN,Ibesikpo Asutan
310,310. IBIONO IBOM,Ibiono Ibom
311,311. IKA,Ika
312,312. IKONO,Ikono
313,313. IKOT ABASI,Ikot Abasi
314,314. IKOT EKPENE,Ikot Ekpene
315,315. INI,Ini
316,316. ITU,Itu
317,317. MBO,Mbo
318,318. MKPAT ENIN,Mkpat Enin
319,319. NSIT ATAI,Nsit Atai
320,320. NSIT IBOM,Nsit Ibom
321,321. NSIT UBIUM,Nsit Ubium
322,322. OBOT AKARA,Obot Akara
323,323. OKOBO,Okobo
324,324. ONNA,Onna
325,325. ORON,Oron
326,326. ORUK ANAM,Oruk Anam
327,327. UDUNG UKOT,Udung Ukot
328,328. UKANAFUN,Ukanafun
329,329. URUAN,Uruan
330,330. URUE OFFONG ORUKO,Urue Offong Oruko
331,331. UYO,Uyo
401,401. AGUATA,Aguata
402,402. ANAMBRA EAST,Anambra East
403,403. ANAMBRA WEST,Anambra West
404,404. ANIOCHA,Aniocha
405,405. AWKA NORTH,Awka North
406,406. AWKA SOUTH,Awka South
407,407. AYAMELUM,Ayamelum
408,408. DUNUKOFIA,Dunukofia
409,409. IDEMILI NORTH,Idemili North
410,410. IDEMILI SOUTH,Idemili South
411,411. IHIALA,Ihiala
412,412. EKWUSIGO,Ekwusigo
413,413. NJIKOKA,Njikoka
414,414. NNEWI NORTH,Nnewi North
415,415. NNEWI SOUTH,Nnewi South
416,416. OGBARA,Ogbara
417,417. ONITSHA NORTH,Onitsha North
418,418. ONITSHA SOUTH,Onitsha South
419,419. ORUMBA NORTH,Orumba North
420,420. ORUMBA SOUTH,Orumba South
421,421. OYI,Oyi
501,501. ALKALERI,Alkaleri
502,502. BAUCHI,Bauchi
503,503. BOGORO,Bogoro
504,504. DAMBAM,Dambam
505,505. DARAZO,Darazo
506,506. DASS,Dass
507,507. GAMAWA,Gamawa
508,508. GIADE,Giade
509,509. GUNJUWA,Gunjuwa
510,510. ITAS GADAU,Itas Gadau
511,511. JAMARE,Jamare
512,512. KATAGUM,Katagum
513,513. KIRFI,Kirfi
514,514. MISAU,Misau
515,515. NINGI,Ningi
516,516. SHIRA,Shira
517,517. TAFAWA BALEWA,Tafawa Balewa
518,518. TORO,Toro
519,519. WARJI,Warji
520,520. ZAKI,Zaki
601,601. BRASS,Brass
602,602. EKEREMOR,Ekeremor
603,603. KOLOKUMA,Kolokuma
604,604. NEMBE,Nembe
605,605. OGBIA,Ogbia
606,606. SAGBAMA,Sagbama
607,607. SOUTHERN IJAW,Southern Ijaw
608,608. YENEGOA,Yenegoa
701,701. ADOR,Ador
702,702. AGATU,Agatu
703,703. APA,Apa
704,704. BURUKU,Buruku
705,705. GBOKO,Gboko
706,706. GUMA,Guma
707,707. GWER,Gwer
708,708. GWER WEST,Gwer West
709,709. KATSINA ALA,Katsina Ala
710,710. KONSHISHA,Konshisha
711,711. KWANDE,Kwande
712,712. LOGO,Logo
713,713. MARKURDI,Markurdi
714,714. OBI (BENUE STATE),Obi (Benue State)
715,715. OGBADIBO,Ogbadibo
716,716. OHIMINI,Ohimini
717,717. OJU,Oju
718,718. OKPOKWU,Okpokwu
719,719. OTUKPO,Otukpo
720,720. TARKA,Tarka
721,721. UKUM,Ukum
722,722. USHONGO,Ushongo
723,723. VANDEIKYA,Vandeikya
801,801. ABADAN,Abadan
802,802. ASKIRA UBA,Askira Uba
803,803. BAMA,Bama
804,804. BAYO,Bayo
805,805. BIU,Biu
806,806. CHIBOK,Chibok
807,807. DAMBOA,Damboa
808,808. DIKWA,Dikwa
809,809. GUBIO,Gubio
810,810. GUZAMALA,Guzamala
811,811. GWAZO,Gwazo
812,812. HAWUL,Hawul
813,813. JERE,Jere
814,814. KAGA,Kaga
815,815. KALABALGE,Kalabalge
816,816. KONDUGA,Konduga
817,817. KUKAWA,Kukawa
818,818. KWAYA KUSAR,Kwaya Kusar
819,819. MAFA,Mafa
820,820. MAGUMERI,Magumeri
821,821. MAIDUGURI,Maiduguri
822,822. MARTE,Marte
823,823. MOBBAR,Mobbar
824,824. MONGUNO,Monguno
825,825. NGALA,Ngala
826,826. NGANZAI,Nganzai
827,827. SHANI,Shani
901,901. ABI,Abi
902,902. AKAMKPA,Akamkpa
903,903. AKPABUYO,Akpabuyo
904,904. BAKASSI,Bakassi
905,905. BEKWARRA,Bekwarra
906,906. BIASE,Biase
907,907. BOKI,Boki
908,908. CALABAR MUNICIPAL,Calabar Municipal
909,909. CALABAR SOUTH,Calabar South
910,910. ETUNG,Etung
911,911. IKOM,Ikom
912,912. OBANLIKU,Obanliku
913,913. OBUBRA,Obubra
914,914. OBUDU,Obudu
915,915. ODUKPANI,Odukpani
916,916. OGOJA,Ogoja
917,917. YAKURR UGEP NORTH,Yakurr Ugep North
918,918. YALA,Yala
1001,1001. ANIOCHA NORTH,Aniocha North
1002,1002. ANIOCHA SOUTH,Aniocha South
1003,1003. BOMADI,Bomadi
1004,1004. BURUTU,Burutu
1005,1005. ETHIOPE EAST,Ethiope East
1006,1006. ETHIOPE WEST,Ethiope West
1007,1007. IKA NORTH EAST,Ika North East
1008,1008. IKA SOUTH,Ika South
1009,1009. ISOKO NORTH,Isoko North
1010,1010. ISOKO SOUTH,Isoko South
1011,1011. NDOKWA EAST,Ndokwa East
1012,1012. NDOKWA WEST,Ndokwa West
1013,1013. OKPE,Okpe
1014,1014. OSHIMILI NORTH,Oshimili North
1015,1015. OSHIMILI SOUTH,Oshimili South
1016,1016. PATANI,Patani
1017,1017. SAPELE,Sapele
1018,1018. UDU,Udu
1019,1019. UGHELLI NORTH,Ughelli North
1020,1020. UGHELLI SOUTH,Ughelli South
1021,1021. UKWUANI,Ukwuani
1022,1022. UWIE,Uwie
1023,1023. WARRI NORTH,Warri North
1024,1024. WARR  SOUTH WEST,Warr South West
1025,1025. WARR  SOUTH,Warr South
1101,1101. ABAKALIKI,Abakaliki
1102,1102. AFIKPO NORTH,Afikpo North
1103,1103. AFIKPO SOUTH,Afikpo South
1104,1104. EBONYI,Ebonyi
1105,1105. EZZA NORTH,Ezza North
1106,1106. EZZA SOUTH,Ezza South
1107,1107. IKWO,Ikwo
1108,1108. ISHIELU,Ishielu
1109,1109. IVO,Ivo
1110,1110. IZZI,Izzi
1111,1111. OHAOZARA,Ohaozara
1112,1112. OHAUKWU,Ohaukwu
1113,1113. ONICHA,Onicha
1201,1201. AKOKO EDO,Akoko Edo
1202,1202. EGOR,Egor
1203,1203. ESAN NORTH EAST,Esan North East
1204,1204. ESAN CENTRAL,Esan Central
1205,1205. ESAN SOUTH EAST,Esan South East
1206,1206. ESAN WEST,Esan West
1207,1207. ETSAKO CENTRAL,Etsako Central
1208,1208. ETSAKO EAST,Etsako East
1209,1209. ETSAKO WEST,Etsako West
1210,1210. IGUGBEN,Igugben
1211,1211. IKPOBA OKHA,Ikpoba Okha
1212,1212. OREDO,Oredo
1213,1213. ORHIONMWON,Orhionmwon
1214,1214. OVIA NORTH EAST,Ovia North East
1215,1215. OVIA SOUTH WEST,Ovia South West
1216,1216. OWAN EAST,Owan East
1217,1217. OWAN WEST,Owan West
1218,1218. UHUNMUONDE,Uhunmuonde
1301,1301. ADO EKITI,Ado Ekiti
1302,1302. EFON,Efon
1303,1303. EKITI EAST,Ekiti East
1304,1304. EKITI SOUTH WEST,Ekiti South West
1305,1305. EKITI WEST,Ekiti West
1306,1306. EMURE,Emure
1307,1307. GBOYIN,Gboyin
1308,1308. IDO OSI,Ido Osi
1309,1309. IJERO,Ijero
1310,1310. IKARE,Ikare
1311,1311. IKOLE,Ikole
1312,1312. IIEJEMEJE,Iiejemeje
1313,1313. IREPODUN IFELOD,Irepodun Ifelod
1314,1314. ISEORUN,Iseorun
1315,1315. MOBA,Moba
1316,1316. OYE,Oye
1401,1401. ANINRI,Aninri
1402,1402. AWGU,Awgu
1403,1403. ENUGU EAST,Enugu East
1404,1404. ENUGU NORTH,Enugu North
1405,1405. ENUGU SOUTH,Enugu South
1406,1406. EZE AGU,Eze Agu
1407,1407. IGBO ETITI,Igbo Etiti
1408,1408. IGBO EZE NORTH,Igbo Eze North
1409,1409. IGBO EZE SOUTH,Igbo Eze South
1410,1410. ISI UZO,Isi Uzo
1411,1411. NKANU EAST,Nkanu East
1412,1412. NKANU WEST,Nkanu West
1413,1413. NSUKKA,Nsukka
1414,1414. OJI RIVER,Oji River
1415,1415. UDENU,Udenu
1416,1416. UDI,Udi
1417,1417. UZO UWANI,Uzo Uwani
1501,1501. AKKO,Akko
1502,1502. BALANGA,Balanga
1503,1503. BILLIRI,Billiri
1504,1504. DUKKU,Dukku
1505,1505. FUNA KAYE,Funa Kaye
1506,1506. GOMBE,Gombe
1507,1507. KALTUNGO,Kaltungo
1508,1508. KWAMI,Kwami
1509,1509. NAFADA,Nafada
1510,1510. SHONGOM,Shongom
1511,1511. YAMALTU DEBA,Yamaltu Deba
1601,1601. ABOH MBAISE,Aboh Mbaise
1602,1602. AHIAZU MBAISE,Ahiazu Mbaise
1603,1603. EHIME MBANO,Ehime Mbano
1604,1604. EZINIHITTE MAISE,Ezinihitte Maise
1605,1605. IDEATO NORTH,Ideato North
1606,1606. IDEATO SOUTH,Ideato South
1607,1607. IHITTE UBOMA,Ihitte Uboma
1608,1608. IKEDURU,Ikeduru
1609,1609. ISIALA MBANO,Isiala Mbano
1610,1610. ISU,Isu
1611,1611. MBAITOLI,Mbaitoli
1612,1612. NGOR OKAPA,Ngor Okapa
1613,1613. NJABA,Njaba
1614,1614. NWERRE,Nwerre
1615,1615. NWANGELE,Nwangele
1616,1616. OBOWO,Obowo
1617,1617. OGUTA,Oguta
1618,1618. OHAJI EGBEMA,Ohaji Egbema
1619,1619. OKIGWE,Okigwe
1620,1620. ORLU,Orlu
1621,1621. ORSU,Orsu
1622,1622. ORU EAST,Oru East
1623,1623. ORU WEST,Oru West
1624,1624. OWERRI MUNICIPAL,Owerri Municipal
1625,1625. OWERRI NORTH,Owerri North
1626,1626. OWERRI WEST,Owerri West
1627,1627. ONUIMO,Onuimo
1701,1701. AUYO,Auyo
1702,1702. BABURA,Babura
1703,1703. BIRNIN KUDU,Birnin Kudu
1704,1704. BIRINWA,Birinwa
1705,1705. BUJI,Buji
1706,1706. DUTSE,Dutse
1707,1707. GAGARAWA,Gagarawa
1708,1708. GARKI,Garki
1709,1709. GUMEL,Gumel
1710,1710. GURI,Guri
1711,1711. GWARAM,Gwaram
1712,1712. GWIWA,Gwiwa
1713,1713. JADEJIA,Jadejia
1714,1714. JAHUN,Jahun
1715,1715. KAHIN HAUSA,Kahin Hausa
1716,1716. KAUGAMA,Kaugama
1717,1717. KAZAURE,Kazaure
1718,1718. KIRIKASAMMA,Kirikasamma
1719,1719. KIYAWA,Kiyawa
1720,1720. MAIGATARI,Maigatari
1721,1721. MALAM MADORI,Malam Madori
1722,1722. MIGA,Miga
1723,1723. RIGIM,Rigim
1724,1724. RONI,Roni
1725,1725. SULE TANKAR KAR,Sule Tankar Kar
1726,1726. TAURA,Taura
1727,1727. YAN KWASHI,Yan Kwashi
1801,1801. BIRININ GWARI,Birinin Gwari
1802,1802. CHIKUN,Chikun
1803,1803. GIWA,Giwa
1804,1804. IGABI,Igabi
1805,1805. IKARA,Ikara
1806,1806. JABA,Jaba
1807,1807. JEMA A,Jema A
1808,1808. KACHIA,Kachia
1809,1809. KADUNA NORTH,Kaduna North
1810,1810. KADUNA SOUTH,Kaduna South
1811,1811. KAGARKO,Kagarko
1812,1812. KAJURU,Kajuru
1813,1813. KAURU,Kauru
1814,1814. KAURA,Kaura
1815,1815. KUBAU,Kubau
1816,1816. KUDAN,Kudan
1817,1817. LERE,Lere
1818,1818. MAKARFI,Makarfi
1819,1819. SABON GARI,Sabon Gari
1820,1820. SANGA,Sanga
1821,1821. SOBA,Soba
1822,1822. ZONGON KATAF,Zongon Kataf
1823,1823. ZARIA,Zaria
1901,1901. AJINGI,Ajingi
1902,1902. ALBASU,Albasu
1903,1903. BAGWAI,Bagwai
1904,1904. BEBEJI,Bebeji
1905,1905. BICHI,Bichi
1906,1906. BUNKURE,Bunkure
1907,1907. DALA,Dala
1908,1908. DAMBATTA,Dambatta
1909,1909. DAWAKIN KUDU,Dawakin Kudu
1910,1910. DAWAKIN TOFA,Dawakin Tofa
1911,1911. DOGUWA,Doguwa
1912,1912. FAGGE,Fagge
1913,1913. GABASAWA,Gabasawa
1914,1914. GARKO,Garko
1915,1915. GARUN MALAM,Garun Malam
1916,1916. GAYA,Gaya
1917,1917. GEZAWA,Gezawa
1918,1918. GWALE,Gwale
1919,1919. GWARZO,Gwarzo
1920,1920. KABO,Kabo
1921,1921. KANO MUNICIPAL,Kano Municipal
1922,1922. KARAYE,Karaye
1923,1923. KIBIYA,Kibiya
1924,1924. KIRU,Kiru
1925,1925. KUMBOTSO,Kumbotso
1926,1926. KUNCHI,Kunchi
1927,1927. KURA,Kura
1928,1928. MADOBI,Madobi
1929,1929. MAKODA,Makoda
1930,1930. MINJIBIR,Minjibir
1931,1931. NASARAWA (KANO STATE),Nasarawa (Kano State)
1932,1932. RANO,Rano
1933,1933. RIMIN GADO,Rimin Gado
1934,1934. ROGO,Rogo
1935,1935. SHANONO,Shanono
1936,1936. SUMAILA,Sumaila
1937,1937. TAKAI,Takai
1938,1938. TARAUNI,Tarauni
1939,1939. TOFA,Tofa
1940,1940. TSANYAWA,Tsanyawa
1941,1941. TUDUN WADA,Tudun Wada
1942,1942. UNGOGO,Ungogo
1943,1943. WARAWA,Warawa
1944,1944. WUDIL,Wudil
2001,2001. BAKORI,Bakori
2002,2002. BATAGARAWA,Batagarawa
2003,2003. BATSARI,Batsari
2004,2004. BAURE,Baure
2005,2005. BINDAWA,Bindawa
2006,2006. CHARANCHI,Charanchi
2007,2007. DAN MUSA,Dan Musa
2008,2008. DANDUME,Dandume
2009,2009. DANJA,Danja
2010,2010. DAURA,Daura
2011,2011. DUTSI,Dutsi
2012,2012. DUTSI MA,Dutsi Ma
2013,2013. FASKARI,Faskari
2014,2014. FUNTUA,Funtua
2015,2015. INGAWA,Ingawa
2016,2016. JIBIA,Jibia
2017,2017. KAFUR,Kafur
2018,2018. KAITA,Kaita
2019,2019. KANKARA,Kankara
2020,2020. KANKIA,Kankia
2021,2021. KATSINA,Katsina
2022,2022. KURFI,Kurfi
2023,2023. KUSADA,Kusada
2024,2024. MAI ADUA,Mai Adua
2025,2025. MALUNFASHI,Malunfashi
2026,2026. MANI,Mani
2027,2027. MASHI,Mashi
2028,2028. MATAZU,Matazu
2029,2029. MUSAWA,Musawa
2030,2030. RIMI,Rimi
2031,2031. SABUWA,Sabuwa
2032,2032. SAFANA,Safana
2033,2033. SANDAMU,Sandamu
2034,2034. ZANGO,Zango
2101,2101. ALIERO,Aliero
2102,2102. AREWA,Arewa
2103,2103. ARGUNGUN,Argungun
2104,2104. AUGIE,Augie
2105,2105. BAGUDO,Bagudo
2106,2106. BIRININ KEBBI,Birinin Kebbi
2107,2107. BUNZA,Bunza
2108,2108. DANDI,Dandi
2109,2109. DANKO WASAGU,Danko Wasagu
2110,2110. FAKAI,Fakai
2111,2111. GWANDU,Gwandu
2112,2112. JEGA,Jega
2113,2113. KALGO,Kalgo
2114,2114. KOKO BESSE,Koko Besse
2115,2115. MAIYAMA,Maiyama
2116,2116. NGASKI,Ngaski
2117,2117. SAKABA,Sakaba
2118,2118. SHANGA,Shanga
2119,2119. SURU,Suru
2120,2120. YAURI,Yauri
2121,2121. ZURU,Zuru
2201,2201. ADAVI,Adavi
2202,2202. AJAOKUTA,Ajaokuta
2203,2203. ANKPA,Ankpa
2204,2204. BASSA (KOGI STATE),Bassa (Kogi State)
2205,2205. DEKINA,Dekina
2206,2206. IBAJI,Ibaji
2207,2207. IDAH,Idah
2208,2208. IGALAMELA,Igalamela
2209,2209. IJUMU,Ijumu
2210,2210. KABBA BUNU,Kabba Bunu
2211,2211. KOGI,Kogi
2212,2212. LOKOJA,Lokoja
2213,2213. MAPO MURO,Mapo Muro
2214,2214. OFU,Ofu
2215,2215. OGORI MAGONGO,Ogori Magongo
2216,2216. OKEHI,Okehi
2217,2217. OKENE,Okene
2218,2218. OLAMA BORO,Olama Boro
2219,2219. OMALA,Omala
2220,2220. YAGBA EAST,Yagba East
2221,2221. YAGBA WEST,Yagba West
2301,2301. ASA,Asa
2302,2302. BARUTEN,Baruten
2303,2303. EDU,Edu
2304,2304. EKITI,Ekiti
2305,2305. IFELODUN (KWARA),Ifelodun (Kwara)
2306,2306. ILORIN EAST,Ilorin East
2307,2307. ILORIN SOUTH,Ilorin South
2308,2308. ILORIN WEST,Ilorin West
2309,2309. IRESPODUN,Irespodun
2310,2310. ISIN,Isin
2311,2311. KAIMA,Kaima
2312,2312. MORO,Moro
2313,2313. OFFA,Offa
2314,2314. OKE ERO,Oke Ero
2315,2315. OYUN,Oyun
2316,2316. PATIGI,Patigi
2401,2401. AGEGE,Agege
2402,2402. AJEROMI IFELODU,Ajeromi Ifelodu
2403,2403. ALIMOSHO,Alimosho
2404,2404. AMUWO ODOFIN,Amuwo Odofin
2405,2405. APAPA,Apapa
2406,2406. BADAGRY,Badagry
2407,2407. EPE,Epe
2408,2408. ETI OSA,Eti Osa
2409,2409. IBEJU LEKKI,Ibeju Lekki
2410,2410. IFAKO IJAIYE,Ifako Ijaiye
2411,2411. IKEJA,Ikeja
2412,2412. IKORODU,Ikorodu
2413,2413. KOSOFE,Kosofe
2414,2414. LAGOS ISLAND,Lagos Island
2415,2415. LAGOS MAINLAN,Lagos Mainlan
2416,2416. MUSHIN,Mushin
2417,2417. OJO,Ojo
2418,2418. OSHODI,Oshodi
2419,2419. SHOMOLU,Shomolu
2420,2420. SURULERE (LAGOS),Surulere (Lagos)
2501,2501. AKWANGA,Akwanga
2502,2502. AWE,Awe
2503,2503. DOMA,Doma
2504,2504. KARU,Karu
2505,2505. KEANA,Keana
2506,2506. KEFFI,Keffi
2507,2507. KOKONA,Kokona
2508,2508. LAFIA,Lafia
2509,2509. NASARAWA (NASARAWA STATE),Nasarawa (Nasarawa State)
2510,2510. NASARAWA EGON,Nasarawa Egon
2511,2511. OBI (NASARAWA STATE),Obi (Nasarawa State)
2512,2512. TOTO,Toto
2513,2513. WAMBA,Wamba
2601,2601. AGAIE,Agaie
2602,2602. AGWARA,Agwara
2603,2603. BIDA,Bida
2604,2604. BORGU,Borgu
2605,2605. BOSSO,Bosso
2606,2606. CHANCHAGA,Chanchaga
2607,2607. EDATI,Edati
2608,2608. GBAKO,Gbako
2609,2609. GURARA,Gurara
2610,2610. KATCHA,Katcha
2611,2611. KONTAGORA,Kontagora
2612,2612. LAPAI,Lapai
2613,2613. LAVUN,Lavun
2614,2614. MAGAMA,Magama
2615,2615. MARIGA,Mariga
2616,2616. MASHEGU,Mashegu
2617,2617. MOKWA,Mokwa
2618,2618. MUNYA,Munya
2619,2619. PAIKORO,Paikoro
2620,2620. RAFI,Rafi
2621,2621. RIJAV,Rijav
2622,2622. SHIRORO,Shiroro
2623,2623. SULEJA,Suleja
2624,2624. TAFA,Tafa
2625,2625. WUSHISHI,Wushishi
2701,2701. ABEOKUTA NORTH,Abeokuta North
2702,2702. ABEOKUTA SOUTH,Abeokuta South
2703,2703. ADOODO OTA,Adoodo Ota
2704,2704. YEWA NORTH,Yewa North
2705,2705. YEWA SOUTH,Yewa South
2706,2706. EWEKORO,Ewekoro
2707,2707. IFO,Ifo
2708,2708. IJEBU EAST,Ijebu East
2709,2709. IJEBU NORTH,Ijebu North
2710,2710. IJEBU NORTH EAST,Ijebu North East
2711,2711. IJEBU ODE,Ijebu Ode
2712,2712. IKENNE,Ikenne
2713,2713. IMEKO AFON,Imeko Afon
2714,2714. IPOKIA,Ipokia
2715,2715. OBAFEMI OWE,Obafemi Owe
2716,2716. ODEDA,Odeda
2717,2717. ODOGBOLU,Odogbolu
2718,2718. OGUN  WATERSIDE,Ogun Waterside
2719,2719. REMO NORTH,Remo North
2720,2720. SHAGAMU,Shagamu
2801,2801. AKOKO NORTH EAST,Akoko North East
2802,2802. AKOKO NORTH WEST,Akoko North West
2803,2803. AKOKO SOUTH EAST,Akoko South East
2804,2804. AKOKO SOUTH WEST,Akoko South West
2805,2805. AKURE NORTH,Akure North
2806,2806. AKURE SOUTH,Akure South
2807,2807. ESE ODO,Ese Odo
2808,2808. IDANRE,Idanre
2809,2809. IFEDORE,Ifedore
2810,2810. ILAJE,Ilaje
2811,2811. ILE OLUJI OKEIGBO,Ile Oluji Okeigbo
2812,2812. IRELE,Irele
2813,2813. ODIGBO,Odigbo
2814,2814. OKITIPUPA,Okitipupa
2815,2815. ONDO EAST,Ondo East
2816,2816. ONDO WEST,Ondo West
2817,2817. OSE,Ose
2818,2818. OWO,Owo
2901,2901. AIYEDADE,Aiyedade
2902,2902. AIYEDIRE,Aiyedire
2903,2903. ATAKUNMOSA EAST,Atakunmosa East
2904,2904. BOLUWADURO,Boluwaduro
2905,2905. BORIPE,Boripe
2906,2906. EDE NORTH,Ede North
2907,2907. EDE SOUTH,Ede South
2908,2908. EGBEDORE,Egbedore
2909,2909. EJIGBO,Ejigbo
2910,2910. IFE CENTRAL,Ife Central
2911,2911. IFE EAST,Ife East
2912,2912. IFE NORTH,Ife North
2913,2913. IFE SOUTH,Ife South
2914,2914. IFEDAYO,Ifedayo
2915,2915. IFELODUN (OSUN),Ifelodun (Osun)
2916,2916. ILA,Ila
2917,2917. ILESHA EAST,Ilesha East
2918,2918. ILESHA WEST,Ilesha West
2919,2919. IREPODUN,Irepodun
2920,2920. IREWOLE,Irewole
2921,2921. ISOKAN,Isokan
2922,2922. IWO,Iwo
2923,2923. OBOKUN,Obokun
2924,2924. ODO OTIN,Odo Otin
2925,2925. OLA OLUWA,Ola Oluwa
2926,2926. OLORUNDA,Olorunda
2927,2927. ORIADE,Oriade
2928,2928. OROLU,Orolu
2929,2929. OSHOGBO,Oshogbo
2930,2930. ATAKUNMOSA WEST,Atakunmosa West
3001,3001. AFIJIO,Afijio
3002,3002. AKINYELE,Akinyele
3003,3003. ATIBA,Atiba
3004,3004. ATISBO,Atisbo
3005,3005. EGBEDA,Egbeda
3006,3006. IBADAN NORTH,Ibadan North
3007,3007. IBADAN NORTH EAST,Ibadan North East
3008,3008. IBADAN NORTH WEST,Ibadan North West
3009,3009. IBADAN SOUTH EAST,Ibadan South East
3010,3010. IBADAN SOUTH WEST,Ibadan South West
3011,3011. IBARAPA CENTRAL,Ibarapa Central
3012,3012. IBARAPA EAST,Ibarapa East
3013,3013. IBARAPA NORTH,Ibarapa North
3014,3014. IDO,Ido
3015,3015. IREPO,Irepo
3016,3016. ISEYIN,Iseyin
3017,3017. ITESIWAJU,Itesiwaju
3018,3018. IWAJOWA,Iwajowa
3019,3019. KAJOLA,Kajola
3020,3020. LAGELU,Lagelu
3021,3021. OGBOMOSHO NORTH,Ogbomosho North
3022,3022. OGBOMOSHO SOUTH,Ogbomosho South
3023,3023. OGO OLUWA,Ogo Oluwa
3024,3024. OLORUNSOGO,Olorunsogo
3025,3025. OLUYOLE,Oluyole
3026,3026. ONA  ARA,Ona Ara
3027,3027. ORELOPE,Orelope
3028,3028. ORIRE,Orire
3029,3029. OYO EAST,Oyo East
3030,3030. OYO WEST,Oyo West
3031,3031. SHAKI EAST,Shaki East
3032,3032. SHAKI WEST,Shaki West
3033,3033. SURULERE (OYO STATE),Surulere (Oyo State)
3101,3101. BARKIN LADI,Barkin Ladi
3102,3102. BASSA (PLATEAU STATE),Bassa (Plateau State)
3103,3103. BOKKOS,Bokkos
3104,3104. JOS EAST,Jos East
3105,3105. JOS NORTH,Jos North
3106,3106. JOS SOUTH,Jos South
3107,3107. KANAM,Kanam
3108,3108. KANKE,Kanke
3109,3109. LANGTANG NORTH,Langtang North
3110,3110. LANGTANG SOUTH,Langtang South
3111,3111. MANGU,Mangu
3112,3112. MIKANG,Mikang
3113,3113. PANKSHIN,Pankshin
3114,3114. QUA AN,Qua An
3115,3115. RIYOM,Riyom
3116,3116. SHENDAM,Shendam
3117,3117. WASE,Wase
3201,3201. ABUA ODUA,Abua Odua
3202,3202. AHOADA EAST,Ahoada East
3203,3203. AHOADA WEST,Ahoada West
3204,3204. AKUKU TORO,Akuku Toro
3205,3205. ANDONI,Andoni
3206,3206. ASARI TORO,Asari Toro
3207,3207. BONNY,Bonny
3208,3208. DEGEMA,Degema
3209,3209. ELEME,Eleme
3210,3210. EMUOHA,Emuoha
3211,3211. ETCHE,Etche
3212,3212. GOKANA,Gokana
3213,3213. IKWERRE,Ikwerre
3214,3214. KHANA,Khana
3215,3215. OBIO AKPOR,Obio Akpor
3216,3216. OGBA EGBEMA NDOR,Ogba Egbema Ndor
3217,3217. OGU BOLO,Ogu Bolo
3218,3218. OKIRIKA,Okirika
3219,3219. OMUMMA,Omumma
3220,3220. OPOBO NKORO,Opobo Nkoro
3221,3221. OYIGBO,Oyigbo
3222,3222. PORT HARCOURT,Port Harcourt
3223,3223. TAI,Tai
3301,3301. BINJI,Binji
3302,3302. BODINGA,Bodinga
3303,3303. DANGE SHUNI,Dange Shuni
3304,3304. GADA,Gada
3305,3305. GORONYO,Goronyo
3306,3306. GUDU,Gudu
3307,3307. GWADABAWA,Gwadabawa
3308,3308. ILELA,Ilela
3309,3309. ISA,Isa
3310,3310. KEBBE,Kebbe
3311,3311. KWARE,Kware
3312,3312. RABAH,Rabah
3313,3313. SABON BIRNI,Sabon Birni
3314,3314. SHAGARI,Shagari
3315,3315. SILAME,Silame
3316,3316. SOKOTO NORTH,Sokoto North
3317,3317. SOKOTO SOUTH,Sokoto South
3318,3318. JAMBUWAL,Jambuwal
3319,3319. TANGAZA,Tangaza
3320,3320. TURETA,Tureta
3321,3321. WAMAKKO,Wamakko
3322,3322. WURNO,Wurno
3323,3323. YABO,Yabo
3401,3401. ARDO KOLA,Ardo Kola
3402,3402. BALI,Bali
3403,3403. DONGA,Donga
3404,3404. GASHAKA,Gashaka
3405,3405. GASSOL,Gassol
3406,3406. IBI,Ibi
3407,3407. JALINGO,Jalingo
3408,3408. KARIM LAM,Karim Lam
3409,3409. KURMI,Kurmi
3410,3410. LAU,Lau
3411,3411. SADUANA,Saduana
3412,3412. TAKUM,Takum
3413,3413. USSA,Ussa
3414,3414. WUKARI,Wukari
3415,3415. YORRO,Yorro
3416,3416. ZING,Zing
3501,3501. BARDE,Barde
3502,3502. BURSARI,Bursari
3503,3503. DAMATURU,Damaturu
3504,3504. FIKA,Fika
3505,3505. FUNE,Fune
3506,3506. GEIDAM,Geidam
3507,3507. GUJBA,Gujba
3508,3508. GULANI,Gulani
3509,3509. JAKUSKO,Jakusko
3510,3510. KARASUWA,Karasuwa
3511,3511. MACHINA,Machina
3512,3512. NANGERE,Nangere
3513,3513. NGURU,Nguru
3514,3514. POTISKUM,Potiskum
3515,3515. TARMUWA,Tarmuwa
3516,3516. YUNUSARI,Yunusari
3517,3517. YUSFARI,Yusfari
3601,3601. ANKA,Anka
3602,3602. BAKURA,Bakura
3603,3603. BIRNIN MAGAJI,Birnin Magaji
3604,3604. BUKKUYUM,Bukkuyum
3605,3605. BUNGUDU,Bungudu
3606,3606. GUMMI,Gummi
3607,3607. GUSAU,Gusau
3608,3608. KAURA NAMODA,Kaura Namoda
3609,3609. MARADDUN,Maraddun
3610,3610. MARU,Maru
3611,3611. SHINKAFI,Shinkafi
3612,3612. TALATA MAFARA,Talata Mafara
3613,3613. TSAFE,Tsafe
3614,3614. ZURMI,Zurmi
3701,3701. ABAJI,Abaji
3702,3702. BWARI,Bwari
3703,3703. GWAGWALADA,Gwagwalada
3704,3704. KUJE,Kuje
3705,3705. KWALI,Kwali
3706,3706. ABUJA MUNICIPAL,Abuja Municipal
